#1、资金账号不存在的账号
delete from quickbroker.fundaccount where fund_account='5LC05001';

#2、该账户的客户信息不存在
delete from quickbroker.fundaccount where fund_account='5LC05002';
INSERT INTO quickbroker.fundaccount(FUND_ACCOUNT, CLIENT_ID, CLIENT_NAME, BRANCH_NO, CURRENCY_CODE, CURRENT_BALANCE, BUY_FREEZE_FUNDS, SELL_FREEZE_FUNDS, ESTIMATE_INTEREST, ACCOUNT_STATUS, REF_CLIENT, ACCOUNT_TYPE, BEGIN_BALANCE, MAINCOUNTER_DRAW_FUNDS, BANK_TRANSIN, BANK_TRANSOUT, OTHER_FREEZE, OTHER_UNFREEZE, BUY_UP_FUNDS, SELL_TODAY_RELEASE_FUNDS, FORBID_DRAW_FUNDS, UNCOME_FUNDS, BUY_PENDING_SETT_FUNDS, SELL_PENDING_SETT_FUNDS, AVAILABLE_ADJUST_BALANCE, FUNDDEBTS_BEGIN_BALANCE, BEGIN_INTEREST, FUNDDEBTS_TODAY_BALANCE, SELL_YESTERDAY_RELEASE_FUNDS, SELLSHORT_FREEZE_FUNDS, SELLSHORT_FUNDS, BUYTOCOVER_FREEZE_FUNDS, BUYTOCOVER_TODAY_FUNDS, BUYTOCOVER_YESTERDAY_FUNDS, SELLSHORT_PENDING_SETT_FUNDS, BUYTOCOVER_PENDING_SETT_FUNDS, BEGIN_BUYING_POWER, CASH_BALANCE, PENDING_DEBIT_INTEREST, PENDING_DEBIT_DIVIDEND, TOTAL_EQUITY, SMA) VALUES ('5LC05002', 'lh021020100002', 'TEST2', '5LC', 'USD', 0.000, 0.000, 0.000, 0.000, NULL, NULL, 1, 0.000, NULL, 0.000, 0.000, 0.000, 0.000, 0.000, 0.000, 0.000, 0.000, 0.000, 0.000, NULL, 0.000, NULL, 0.000, 0.000, 0.000, 0.000, 0.000, 0.000, 0.000, 0.000, 0.000, 0.000, 0.000, 0.000, 0.000, 0.000, 0.000);
delete from quickbroker.client where client_id = 'lh021020100002';

#3、该账户的客户附加信息不存在
delete from quickbroker.fundaccount where fund_account='5LC05003';

INSERT INTO quickbroker.fundaccount(FUND_ACCOUNT, CLIENT_ID, CLIENT_NAME, BRANCH_NO, CURRENCY_CODE, CURRENT_BALANCE, BUY_FREEZE_FUNDS, SELL_FREEZE_FUNDS, ESTIMATE_INTEREST, ACCOUNT_STATUS, REF_CLIENT, ACCOUNT_TYPE, BEGIN_BALANCE, MAINCOUNTER_DRAW_FUNDS, BANK_TRANSIN, BANK_TRANSOUT, OTHER_FREEZE, OTHER_UNFREEZE, BUY_UP_FUNDS, SELL_TODAY_RELEASE_FUNDS, FORBID_DRAW_FUNDS, UNCOME_FUNDS, BUY_PENDING_SETT_FUNDS, SELL_PENDING_SETT_FUNDS, AVAILABLE_ADJUST_BALANCE, FUNDDEBTS_BEGIN_BALANCE, BEGIN_INTEREST, FUNDDEBTS_TODAY_BALANCE, SELL_YESTERDAY_RELEASE_FUNDS, SELLSHORT_FREEZE_FUNDS, SELLSHORT_FUNDS, BUYTOCOVER_FREEZE_FUNDS, BUYTOCOVER_TODAY_FUNDS, BUYTOCOVER_YESTERDAY_FUNDS, SELLSHORT_PENDING_SETT_FUNDS, BUYTOCOVER_PENDING_SETT_FUNDS, BEGIN_BUYING_POWER, CASH_BALANCE, PENDING_DEBIT_INTEREST, PENDING_DEBIT_DIVIDEND, TOTAL_EQUITY, SMA) VALUES ('5LC05003', 'lh021020100003', 'TEST3', '5LC', 'USD', 0.000, 0.000, 0.000, 0.000, NULL, NULL, 1, 0.000, NULL, 0.000, 0.000, 0.000, 0.000, 0.000, 0.000, 0.000, 0.000, 0.000, 0.000, NULL, 0.000, NULL, 0.000, 0.000, 0.000, 0.000, 0.000, 0.000, 0.000, 0.000, 0.000, 0.000, 0.000, 0.000, 0.000, 0.000, 0.000);

delete from quickbroker.client where client_id = 'lh021020100003';

INSERT INTO quickbroker.client(CLIENT_ID, CLIENT_NAME, FULL_NAME, BRANCH_NO, ID_TYPE, ID_NO, TELEPHONE, MOBILE, INSTITUTION_FLAG, CLIENT_PROP, TRADE_RIGHTS, ENTRUST_WAY, CLI_STATUS, TRADE_PWD, FUND_PWD, SYNC_PWD_FLAG, NODE_ID, EXTRA_INFO, INIT_FLAG, LOGIN_FLAG, LAST_LOGIN, IP, MAC, TRY_PWD_TIMES, TRY_PWD_IP, TRY_PWD_MAC, LAST_OUT, COMM_PWD, CLIENT_TAG) VALUES ('lh021020100003', 'TEST3', 'TEST3', '5LC', 0, '743029400', '', '', 0, 0, 0, 32, 0, '123456', '123456', 1, 1001, '1', 0, 1, '', '', '', 0, '', '', '20210101', '', '4W');


delete from quickbroker.client_extra_info where client_id = 'lh021020100003'

#4、创建一个账号去进行交易相关校验
delete from quickbroker.fundaccount where fund_account = '5LC05004';
INSERT INTO quickbroker.fundaccount(FUND_ACCOUNT, CLIENT_ID, CLIENT_NAME, BRANCH_NO, CURRENCY_CODE, CURRENT_BALANCE, BUY_FREEZE_FUNDS, SELL_FREEZE_FUNDS, ESTIMATE_INTEREST, ACCOUNT_STATUS, REF_CLIENT, ACCOUNT_TYPE, BEGIN_BALANCE, MAINCOUNTER_DRAW_FUNDS, BANK_TRANSIN, BANK_TRANSOUT, OTHER_FREEZE, OTHER_UNFREEZE, BUY_UP_FUNDS, SELL_TODAY_RELEASE_FUNDS, FORBID_DRAW_FUNDS, UNCOME_FUNDS, BUY_PENDING_SETT_FUNDS, SELL_PENDING_SETT_FUNDS, AVAILABLE_ADJUST_BALANCE, FUNDDEBTS_BEGIN_BALANCE, BEGIN_INTEREST, FUNDDEBTS_TODAY_BALANCE, SELL_YESTERDAY_RELEASE_FUNDS, SELLSHORT_FREEZE_FUNDS, SELLSHORT_FUNDS, BUYTOCOVER_FREEZE_FUNDS, BUYTOCOVER_TODAY_FUNDS, BUYTOCOVER_YESTERDAY_FUNDS, SELLSHORT_PENDING_SETT_FUNDS, BUYTOCOVER_PENDING_SETT_FUNDS, BEGIN_BUYING_POWER, CASH_BALANCE, PENDING_DEBIT_INTEREST, PENDING_DEBIT_DIVIDEND, TOTAL_EQUITY, SMA) VALUES ('5LC05004', 'lh021020100004', 'TEST4', '5LC', 'USD', 10000.000, 0.000, 0.000, 0.000, NULL, NULL, 2, 0.000, NULL, 0.000, 0.000, 0.000, 0.000, 0.000, 0.000, 0.000, 0.000, 0.000, 0.000, NULL, 0.000, NULL, 0.000, 0.000, 0.000, 0.000, 0.000, 0.000, 0.000, 0.000, 0.000, 0.000, 10000.000, 0.000, 0.000, 10000.000, 0.000);

delete from quickbroker.client where client_id = 'lh021020100004';
INSERT INTO quickbroker.client(CLIENT_ID, CLIENT_NAME, FULL_NAME, BRANCH_NO, ID_TYPE, ID_NO, TELEPHONE, MOBILE, INSTITUTION_FLAG, CLIENT_PROP, TRADE_RIGHTS, ENTRUST_WAY, CLI_STATUS, TRADE_PWD, FUND_PWD, SYNC_PWD_FLAG, NODE_ID, EXTRA_INFO, INIT_FLAG, LOGIN_FLAG, LAST_LOGIN, IP, MAC, TRY_PWD_TIMES, TRY_PWD_IP, TRY_PWD_MAC, LAST_OUT, COMM_PWD, CLIENT_TAG) VALUES ('lh021020100004', 'TEST4', 'TEST4', '5LC', 0, '743029400', '', '', 0, 0, 0, 32, 0, '123456', '123456', 1, 1001, '1', 0, 1, '', '', '', 0, '', '', '20210101', '', '4W');

delete from quickbroker.client_extra_info where client_id = 'lh021020100004';
INSERT INTO quickbroker.client_extra_info(CLIENT_ID, TRADE_PWD, FUND_PWD, TRADE_PWD_MAIN, FUND_PWD_MAIN, TRADE_PWD_MAIN_SYNC_FLAG, FUND_PWD_MAIN_SYNC_FLAG, AUDIT_PWD, LABEL_LIMIT, LABEL_RIGHT, CLIENT_SRC) VALUES ('lh021020100004', '123456', '123456', '123456', '123456', '0', '0', NULL, 0, '0', '4');

#5、该证券代码信息不存在
delete from quickbroker.stkcode where stock_code = 'TEST';

#6、该证券代码的证券类别不存在
delete from quickbroker.stkcode where stock_code = 'TEST2';

INSERT INTO quickbroker.stkcode(STOCK_CODE, MARKET_CODE, STOCK_NAME, SPELL_CODE, STOCK_TYPE, EXCHANGE_UNIT, STOCK_FULLNAME, ISSUE_DATE, CASH_DATE, STKCODE_STATUS, CLOSE_PRICE, LAST_PRICE, NET_PRICE_FLAG, LAST_INTEREST, MAX_PRICE, MIN_PRICE, MAX_ENTRUST, MIN_ENTRUST, WEEKDAY_LIMIT, RELATIVE_CODE, LIMITPRICE_TYPE, BROKERAGE_FLAG, CURRENCY_CODE, EXCHANGE_PRICE, BS_LIMIT, FUND_SETTLE_DAYS, STK_SETTLE_DAYS, ORD_TYPE_LIMIT, ISIN, PAR_VALUE, CALC_MARKET_VALUE, BUSINESS_STATUS, OPEN_PRICE, YESTERDAY_CLOSE_PRICE, HIGHEST_PRICE, LOWEST_PRICE, TRD_STAGE, SOURCE, CUSIP) VALUES ('TEST2', 'N1', 'Test code', 'TEST1', 'C1', 1, '', 20190101, 20991231, 0, 213.7200, 213.7200, 0, 0.00000000, 99999.9900, 0.0000, 0, 0, '0', NULL, 'A', 'A', 'USD', 0.0100, 2, 2, 2, '0,200,201,202', 'US01609W1027', 1.000, '1', 0, 0.0000, 211.0500, 0.0000, 0.0000, NULL, NULL, '01609W102');

delete from quickbroker.stktype where market_code = 'N1' and stock_type = 'C1';

#6、该证券代码的交易属性不存在
delete from quickbroker.stkcode where stock_code = 'TEST1';

INSERT INTO quickbroker.stkcode(STOCK_CODE, MARKET_CODE, STOCK_NAME, SPELL_CODE, STOCK_TYPE, EXCHANGE_UNIT, STOCK_FULLNAME, ISSUE_DATE, CASH_DATE, STKCODE_STATUS, CLOSE_PRICE, LAST_PRICE, NET_PRICE_FLAG, LAST_INTEREST, MAX_PRICE, MIN_PRICE, MAX_ENTRUST, MIN_ENTRUST, WEEKDAY_LIMIT, RELATIVE_CODE, LIMITPRICE_TYPE, BROKERAGE_FLAG, CURRENCY_CODE, EXCHANGE_PRICE, BS_LIMIT, FUND_SETTLE_DAYS, STK_SETTLE_DAYS, ORD_TYPE_LIMIT, ISIN, PAR_VALUE, CALC_MARKET_VALUE, BUSINESS_STATUS, OPEN_PRICE, YESTERDAY_CLOSE_PRICE, HIGHEST_PRICE, LOWEST_PRICE, TRD_STAGE, SOURCE, CUSIP) VALUES ('TEST1', 'N2', 'Test code', 'TEST1', 'C1', 1, '', 20190101, 20991231, 0, 213.7200, 213.7200, 0, 0.00000000, 99999.9900, 0.0000, 0, 0, '0', NULL, 'A', 'A', 'USD', 0.0100, 2, 2, 2, '0,200,201,202', 'US01609W1027', 1.000, '1', 0, 0.0000, 211.0500, 0.0000, 0.0000, NULL, NULL, '01609W102');

delete from quickbroker.stktype where market_code = 'N2' and stock_type = 'C1';
INSERT INTO quickbroker.stktype(MARKET_CODE, STOCK_TYPE, STKTYPE_NAME, BASE_CATG, STATS_CATG, FARE_TYPE, EXCHANGE_UNIT, EXCHANGE_PRICE, LIMITPRICE_TYPE, ENTRUST_TYPE_LIMIT, BS_LIMIT, CURRENCY_CODE, REMARK, WEEKDAY_LIMIT, FUND_SETTLE_DAYS, STK_SETTLE_DAYS, MKT_PDT_CATG, MKT_PDT_SUBCATG, ORD_TYPE_LIMIT, CALC_MARKET_VALUE, TRD_STAGE) VALUES ('N2', 'C1', '测试类别', 4, 11, 3, 10, 0.010, 'E', '1001,1002', 1, 'CNY', ' ', ' ', 1, 1, ' ', ' ', '0', '1', NULL);

delete from quickbroker.stktrdprop where market_code = 'N2' and stock_type = 'C1';

#7、该证券代码的开平仓方向不正确
delete from quickbroker.stkcode where stock_code in ('ADXS','GROW','MOSY','LLIT');
INSERT INTO quickbroker.stkcode(STOCK_CODE, MARKET_CODE, STOCK_NAME, SPELL_CODE, STOCK_TYPE, EXCHANGE_UNIT, STOCK_FULLNAME, ISSUE_DATE, CASH_DATE, STKCODE_STATUS, CLOSE_PRICE, LAST_PRICE, NET_PRICE_FLAG, LAST_INTEREST, MAX_PRICE, MIN_PRICE, MAX_ENTRUST, MIN_ENTRUST, WEEKDAY_LIMIT, RELATIVE_CODE, LIMITPRICE_TYPE, BROKERAGE_FLAG, CURRENCY_CODE, EXCHANGE_PRICE, BS_LIMIT, FUND_SETTLE_DAYS, STK_SETTLE_DAYS, ORD_TYPE_LIMIT, ISIN, PAR_VALUE, CALC_MARKET_VALUE, BUSINESS_STATUS, OPEN_PRICE, YESTERDAY_CLOSE_PRICE, HIGHEST_PRICE, LOWEST_PRICE, TRD_STAGE, SOURCE, CUSIP) VALUES ('GROW', 'NQ', 'U.S. Global Investors', 'GROW', 'S0', 1, '', 20190101, 20991231, 0, 6.1800, 6.1800, 0, 0.00000000, 99999.9900, 0.0000, 0, 0, '0', NULL, 'A', 'A', 'USD', 0.0100, 2, 2, 2, '0,200,201,202', 'US9029521005', 1.000, '1', 0, 0.0000, 6.1800, 0.0000, 0.0000, NULL, NULL, '902952100'),('LLIT', 'NQ', 'Lianluo Smart', 'LLIT', 'S0', 1, '', 20190101, 20991231, 0, 7.4000, 7.4000, 0, 0.00000000, 99999.9900, 0.0000, 0, 0, '0', NULL, 'A', 'A', 'USD', 0.0100, 2, 2, 2, '0,200,201,202', 'VGG5478K1185', 1.000, '1', 0, 0.0000, 6.9500, 0.0000, 0.0000, NULL, NULL, 'G5478K118'),('MOSY', 'NQ', 'Mosys', 'MOSY', 'S0', 1, '', 20190101, 20991231, 0, 3.7900, 3.7900, 0, 0.00000000, 99999.9900, 0.0000, 0, 0, '0', NULL, 'A', 'A', 'USD', 0.0010, 2, 2, 2, '0,200,201,202', 'US6197183071', 1.000, '1', 0, 0.0000, 4.0200, 0.0000, 0.0000, NULL, NULL, '619718307'),('ADXS', 'NQ', 'Advaxis', 'ADXS', 'S0', 1, '', 20190101, 20991231, 0, 0.4850, 0.4850, 0, 0.00000000, 99999.9900, 0.0000, 0, 0, '0', NULL, 'A', 'A', 'USD', 0.0001, 2, 2, 2, '0,200,201,202', 'US0076243072', 1.000, '1', 0, 0.0000, 0.4240, 0.0000, 0.0000, NULL, NULL, '007624307');

delete from quickbroker.stock where fund_account = '5LC05004';
INSERT INTO quickbroker.stock(STOCK_ACCOUNT, MARKET_CODE, STOCK_CODE, STOCK_NAME, STOCK_TYPE, CLIENT_ID, CLIENT_NAME, BRANCH_NO, FUND_ACCOUNT, CURRENCY_CODE, CURRENT_AMOUNT, FROZEN_AMOUNT, NON_TRD_AMOUNT, UNSETTLED_AMOUNT, ENTRUST_BUY_AMOUNT, ENTRUST_SALE_AMOUNT, BUY_BUSINESS_AMOUNT, ETF_APPLY_AMOUNT, SALE_OFFSET_AMOUNT, SALE_BUSINESS_AMOUNT, ETF_REDEEM_AMOUNT, BUY_OFFSET_AMOUNT, BUY_BUSINESS_BALANCE, SALE_BUSINESS_BALANCE, CREATE_DATE, UPDATE_DATE, TOTALBUY_AMOUNT, TOTALBUY_BALANCE, RATION_AMOUNT, RATION_BALANCE, TOTALSALE_AMOUNT, TOTALSALE_BALANCE, SUM_GIVE_AMOUNT, SUM_BONUS_BALANCE, SUM_TRD_FEE, POSITION_COST, TOTAL_PROFIT, BEGIN_AMOUNT, BUY_LEFT_AMOUNT, ETF_LEFT_AMOUNT, LOF_LEFT_AMOUNT, NEW_STK_LEFT_AMOUNT, STK_USED_AMOUNT, SELL_PENDING_SETT_AMOUNT, DAYTRADE, BUY_PENDING_SETT_AMOUNT, POSITION_TYPE, COST_PRICE_PRE, SETTLED_AMOUNT, RELEASE_YESTERDAY_AMOUNT, TODAY_PROFIT) VALUES ('5LC05004', 'NQ', 'ADXS', 'ADXS', 'S0', 'lh021020100004', 'TEST4', '5LC', '5LC05004', 'USD', 0, 0, 0, 0, 0, -10, 0, 0, 0, 0, 0, 0, 0.000, 0.000, 20200731, 20210414, 0, 0.0, 0, 0.000, 0, 0.000, 0, 0.000, 0.000, 0.0, 0.000, 0.000, 0.000, 0.000, 0.000, 0.000, 0.000, 0, 0, 0, 2, NULL, 0, 0, NULL), ('5LC05004', 'NQ', 'GROW', 'GROW', 'S0', 'lh021020100004', 'TEST4', '5LC', '5LC05004', 'USD', -10, 0, 0, 0, 0, -10, 0, 0, 0, 0, 0, 0, 0.000, 0.000, 20200731, 20210414, 0, 0.0, 0, 0.000, 0, 0.000, 0, 0.000, 0.000, 0.0, 0.000, 0.000, 0.000, 0.000, 0.000, 0.000, 0.000, 0, 0, 0, 2, NULL, 0, 0, NULL), ('5LC05004', 'NQ', 'MOSY', 'MOSY', 'S0', 'lh021020100004', 'TEST4', '5LC', '5LC05004', 'USD', 0, 0, 0, 0, 0, 0, 0, 0, 0, 0, 0, 0, 0.000, 0.000, 20200731, 20210414, 0, 0.0, 0, 0.000, 0, 0.000, 0, 0.000, 0.000, 0.0, 0.000, 0.000, 0.000, 0.000, 0.000, 0.000, 0.000, 0, 0, 0, 1, NULL, 0, 0, NULL), ('5LC05004', 'NQ', 'MOSY', 'MOSY', 'S0', 'lh021020100004', 'TEST4', '5LC', '5LC05004', 'USD', 0, 0, 0, 0, 0, -10, 0, 0, 0, 0, 0, 0, 0.000, 0.000, 20200731, 20210414, 0, 0.0, 0, 0.000, 0, 0.000, 0, 0.000, 0.000, 0.0, 0.000, 0.000, 0.000, 0.000, 0.000, 0.000, 0.000, 0, 0, 0, 2, NULL, 0, 0, NULL),('5LC05004', 'NQ', 'LLIT', 'LLIT', 'S0', 'lh021020100004', 'TEST4', '5LC', '5LC05004', 'USD', -10, 0, 0, 0, 0, 0, 0, 0, 0, 0, 0, 0, 0.000, 0.000, 20200731, 20210414, 0, 0.0, 0, 0.000, 0, 0.000, 0, 0.000, 0.000, 0.0, 0.000, 0.000, 0.000, 0.000, 0.000, 0.000, 0.000, 0, 0, 0, 1, NULL, 0, 0, NULL), ('5LC05004', 'NQ', 'LLIT', 'LLIT', 'S0', 'lh021020100004', 'TEST4', '5LC', '5LC05004', 'USD', -10, 0, 0, 0, 0, -10, 0, 0, 0, 0, 0, 0, 0.000, 0.000, 20200731, 20210414, 0, 0.0, 0, 0.000, 0, 0.000, 0, 0.000, 0.000, 0.0, 0.000, 0.000, 0.000, 0.000, 0.000, 0.000, 0.000, 0, 0, 0, 2, NULL, 0, 0, NULL);

#8、客户状态不正常
delete from quickbroker.fundaccount where fund_account = '5LC05005';
INSERT INTO quickbroker.fundaccount(FUND_ACCOUNT, CLIENT_ID, CLIENT_NAME, BRANCH_NO, CURRENCY_CODE, CURRENT_BALANCE, BUY_FREEZE_FUNDS, SELL_FREEZE_FUNDS, ESTIMATE_INTEREST, ACCOUNT_STATUS, REF_CLIENT, ACCOUNT_TYPE, BEGIN_BALANCE, MAINCOUNTER_DRAW_FUNDS, BANK_TRANSIN, BANK_TRANSOUT, OTHER_FREEZE, OTHER_UNFREEZE, BUY_UP_FUNDS, SELL_TODAY_RELEASE_FUNDS, FORBID_DRAW_FUNDS, UNCOME_FUNDS, BUY_PENDING_SETT_FUNDS, SELL_PENDING_SETT_FUNDS, AVAILABLE_ADJUST_BALANCE, FUNDDEBTS_BEGIN_BALANCE, BEGIN_INTEREST, FUNDDEBTS_TODAY_BALANCE, SELL_YESTERDAY_RELEASE_FUNDS, SELLSHORT_FREEZE_FUNDS, SELLSHORT_FUNDS, BUYTOCOVER_FREEZE_FUNDS, BUYTOCOVER_TODAY_FUNDS, BUYTOCOVER_YESTERDAY_FUNDS, SELLSHORT_PENDING_SETT_FUNDS, BUYTOCOVER_PENDING_SETT_FUNDS, BEGIN_BUYING_POWER, CASH_BALANCE, PENDING_DEBIT_INTEREST, PENDING_DEBIT_DIVIDEND, TOTAL_EQUITY, SMA) VALUES ('5LC05005', 'lh021020100005', 'TEST5', '5LC', 'USD', 10000.000, 0.000, 0.000, 0.000, NULL, NULL, 1, 0.000, NULL, 0.000, 0.000, 0.000, 0.000, 0.000, 0.000, 0.000, 0.000, 0.000, 0.000, NULL, 0.000, NULL, 0.000, 0.000, 0.000, 0.000, 0.000, 0.000, 0.000, 0.000, 0.000, 0.000, 0.000, 0.000, 0.000, 0.000, 0.000);

delete from quickbroker.client where client_id = 'lh021020100005';
INSERT INTO quickbroker.client(CLIENT_ID, CLIENT_NAME, FULL_NAME, BRANCH_NO, ID_TYPE, ID_NO, TELEPHONE, MOBILE, INSTITUTION_FLAG, CLIENT_PROP, TRADE_RIGHTS, ENTRUST_WAY, CLI_STATUS, TRADE_PWD, FUND_PWD, SYNC_PWD_FLAG, NODE_ID, EXTRA_INFO, INIT_FLAG, LOGIN_FLAG, LAST_LOGIN, IP, MAC, TRY_PWD_TIMES, TRY_PWD_IP, TRY_PWD_MAC, LAST_OUT, COMM_PWD, CLIENT_TAG) VALUES ('lh021020100005', 'TEST5', 'TEST5', '5LC', 0, '743029400', '', '', 0, 512, 0, 32, 1, '123456', '123456', 1, 1001, '1', 0, 1, '', '', '', 0, '', '', '20210101', '', '4W');

delete from quickbroker.client_extra_info where client_id = 'lh021020100005';
INSERT INTO quickbroker.client_extra_info(CLIENT_ID, TRADE_PWD, FUND_PWD, TRADE_PWD_MAIN, FUND_PWD_MAIN, TRADE_PWD_MAIN_SYNC_FLAG, FUND_PWD_MAIN_SYNC_FLAG, AUDIT_PWD, LABEL_LIMIT, LABEL_RIGHT, CLIENT_SRC) VALUES ('lh021020100005', '123456', '123456', '123456', '123456', '0', '0', NULL, 0, '0', '4');

#9、客户交易有限制
delete from quickbroker.fundaccount where fund_account = '5LC05006';
INSERT INTO quickbroker.fundaccount(FUND_ACCOUNT, CLIENT_ID, CLIENT_NAME, BRANCH_NO, CURRENCY_CODE, CURRENT_BALANCE, BUY_FREEZE_FUNDS, SELL_FREEZE_FUNDS, ESTIMATE_INTEREST, ACCOUNT_STATUS, REF_CLIENT, ACCOUNT_TYPE, BEGIN_BALANCE, MAINCOUNTER_DRAW_FUNDS, BANK_TRANSIN, BANK_TRANSOUT, OTHER_FREEZE, OTHER_UNFREEZE, BUY_UP_FUNDS, SELL_TODAY_RELEASE_FUNDS, FORBID_DRAW_FUNDS, UNCOME_FUNDS, BUY_PENDING_SETT_FUNDS, SELL_PENDING_SETT_FUNDS, AVAILABLE_ADJUST_BALANCE, FUNDDEBTS_BEGIN_BALANCE, BEGIN_INTEREST, FUNDDEBTS_TODAY_BALANCE, SELL_YESTERDAY_RELEASE_FUNDS, SELLSHORT_FREEZE_FUNDS, SELLSHORT_FUNDS, BUYTOCOVER_FREEZE_FUNDS, BUYTOCOVER_TODAY_FUNDS, BUYTOCOVER_YESTERDAY_FUNDS, SELLSHORT_PENDING_SETT_FUNDS, BUYTOCOVER_PENDING_SETT_FUNDS, BEGIN_BUYING_POWER, CASH_BALANCE, PENDING_DEBIT_INTEREST, PENDING_DEBIT_DIVIDEND, TOTAL_EQUITY, SMA) VALUES ('5LC05006', 'lh021020100006', 'TEST6', '5LC', 'USD', 1000000.000, 0.000, 0.000, 0.000, NULL, NULL, 1, 0.000, NULL, 0.000, 0.000, 0.000, 0.000, 0.000, 0.000, 0.000, 0.000, 0.000, 0.000, NULL, 0.000, NULL, 0.000, 0.000, 0.000, 0.000, 0.000, 0.000, 0.000, 0.000, 0.000, 0.000, 1000000.000, 0.000, 0.000, 0.000, 0.000);

delete from quickbroker.client where client_id = 'lh021020100006';
INSERT INTO quickbroker.client(CLIENT_ID, CLIENT_NAME, FULL_NAME, BRANCH_NO, ID_TYPE, ID_NO, TELEPHONE, MOBILE, INSTITUTION_FLAG, CLIENT_PROP, TRADE_RIGHTS, ENTRUST_WAY, CLI_STATUS, TRADE_PWD, FUND_PWD, SYNC_PWD_FLAG, NODE_ID, EXTRA_INFO, INIT_FLAG, LOGIN_FLAG, LAST_LOGIN, IP, MAC, TRY_PWD_TIMES, TRY_PWD_IP, TRY_PWD_MAC, LAST_OUT, COMM_PWD, CLIENT_TAG) VALUES ('lh021020100006', 'TEST6', 'TEST6', '5LC', 0, '743029400', '', '', 0, 0, 0, 32, 0, '123456', '123456', 1, 1001, '1', 0, 1, '', '', '', 0, '', '', '20210101', '', '4W');

delete from quickbroker.client_extra_info where client_id = 'lh021020100006';
INSERT INTO quickbroker.client_extra_info(CLIENT_ID, TRADE_PWD, FUND_PWD, TRADE_PWD_MAIN, FUND_PWD_MAIN, TRADE_PWD_MAIN_SYNC_FLAG, FUND_PWD_MAIN_SYNC_FLAG, AUDIT_PWD, LABEL_LIMIT, LABEL_RIGHT, CLIENT_SRC) VALUES ('lh021020100006', '123456', '123456', '123456', '123456', '0', '0', NULL, 0, '0', '4');

 from quickbroker.stock where fund_account='5LC05006';
INSERT INTO quickbroker.stock(STOCK_ACCOUNT, MARKET_CODE, STOCK_CODE, STOCK_NAME, STOCK_TYPE, CLIENT_ID, CLIENT_NAME, BRANCH_NO, FUND_ACCOUNT, CURRENCY_CODE, CURRENT_AMOUNT, FROZEN_AMOUNT, NON_TRD_AMOUNT, UNSETTLED_AMOUNT, ENTRUST_BUY_AMOUNT, ENTRUST_SALE_AMOUNT, BUY_BUSINESS_AMOUNT, ETF_APPLY_AMOUNT, SALE_OFFSET_AMOUNT, SALE_BUSINESS_AMOUNT, ETF_REDEEM_AMOUNT, BUY_OFFSET_AMOUNT, BUY_BUSINESS_BALANCE, SALE_BUSINESS_BALANCE, CREATE_DATE, UPDATE_DATE, TOTALBUY_AMOUNT, TOTALBUY_BALANCE, RATION_AMOUNT, RATION_BALANCE, TOTALSALE_AMOUNT, TOTALSALE_BALANCE, SUM_GIVE_AMOUNT, SUM_BONUS_BALANCE, SUM_TRD_FEE, POSITION_COST, TOTAL_PROFIT, BEGIN_AMOUNT, BUY_LEFT_AMOUNT, ETF_LEFT_AMOUNT, LOF_LEFT_AMOUNT, NEW_STK_LEFT_AMOUNT, STK_USED_AMOUNT, SELL_PENDING_SETT_AMOUNT, DAYTRADE, BUY_PENDING_SETT_AMOUNT, POSITION_TYPE, COST_PRICE_PRE, SETTLED_AMOUNT, RELEASE_YESTERDAY_AMOUNT, TODAY_PROFIT) VALUES ('5LC05006', 'NQ', 'AAME', 'AAME', 'S0', 'lh021020100006', 'TEST6', '5LC', '5LC05006', 'USD', 10000, 0, 0, 0, 0, 0, 0, 0, 0, 0, 0, 0, 0.000, 0.000, 20200731, 20210414, 0, 0.0, 0, 0.000, 0, 0.000, 0, 0.000, 0.000, 0.0, 0.000, 0.000, 0.000, 0.000, 0.000, 0.000, 0.000, 0, 0, 0, 1, NULL, 0, 0, NULL), ('5LC05006', 'NQ', 'AAON', 'AAON', 'S0', 'lh021020100006', 'TEST6', '5LC', '5LC05006', 'USD', -10000, 0, 0, 0, 0, 0, 0, 0, 0, 0, 0, 0, 0.000, 0.000, 20200731, 20210414, 0, 0.0, 0, 0.000, 0, 0.000, 0, 0.000, 0.000, 0.0, 0.000, 0.000, 0.000, 0.000, 0.000, 0.000, 0.000, 0, 0, 0, 2, NULL, 0, 0, NULL);

delete from quickbroker.clitrdlimit where client_id = 'lh021020100006';
INSERT INTO quickbroker.clitrdlimit(CLIENT_ID, MARKET_CODE, LIMIT_TYPE, LIMIT_PARAM, ALLOW_ENTRUST_TYPE, MAX_AMOUNT, CLIENT_NAME, BRANCH_NO, VALID_DATE) VALUES ('lh021020100006', 'NY', 1, 'BABA', 1001, 100, 'TEST6', '5LC', 20990101), ('lh021020100006', 'NY', 2, 'S0', 1001, 100, 'TEST6', '5LC', 20990101),('lh021020100006', 'NQ', 3, 'S0', 1001, 10000, 'TEST6', '5LC', 20990101),('lh021020100006', 'NY', 1, 'BABA', 1002, 100, 'TEST6', '5LC', 20990101),('lh021020100006', 'NY', 2, 'S0', 1002, 100, 'TEST6', '5LC', 20990101),('lh021020100006', 'NQ', 3, 'S0', 1002, 10000, 'TEST6', '5LC', 20990101);

#10、退市、停牌股票
delete from quickbroker.stkcode where stock_code in ('AAWW','ABCB');
INSERT INTO quickbroker.stkcode(STOCK_CODE, MARKET_CODE, STOCK_NAME, SPELL_CODE, STOCK_TYPE, EXCHANGE_UNIT, STOCK_FULLNAME, ISSUE_DATE, CASH_DATE, STKCODE_STATUS, CLOSE_PRICE, LAST_PRICE, NET_PRICE_FLAG, LAST_INTEREST, MAX_PRICE, MIN_PRICE, MAX_ENTRUST, MIN_ENTRUST, WEEKDAY_LIMIT, RELATIVE_CODE, LIMITPRICE_TYPE, BROKERAGE_FLAG, CURRENCY_CODE, EXCHANGE_PRICE, BS_LIMIT, FUND_SETTLE_DAYS, STK_SETTLE_DAYS, ORD_TYPE_LIMIT, ISIN, PAR_VALUE, CALC_MARKET_VALUE, BUSINESS_STATUS, OPEN_PRICE, YESTERDAY_CLOSE_PRICE, HIGHEST_PRICE, LOWEST_PRICE, TRD_STAGE, SOURCE, CUSIP) VALUES ('AAWW', 'NQ', 'Atlas Air Worldwide Holdings', 'AAWW', 'S0', 1, '', 20190101, 20991231, 1, 74.1100, 74.1100, 0, 0.00000000, 99999.9900, 0.0000, 0, 0, '0', NULL, 'A', 'A', 'USD', 0.0100, 2, 2, 2, '0,200,201,202', 'US0491642056', 1.000, '1', 0, 0.0000, 74.7700, 0.0000, 0.0000, NULL, NULL, '049164205'),('ABCB', 'NQ', 'Ameris Bancorp', 'ABCB', 'S0', 1, '', 20190101, 20991231, 4, 56.2500, 56.2500, 0, 0.00000000, 99999.9900, 0.0000, 0, 0, '0', NULL, 'A', 'A', 'USD', 0.0100, 2, 2, 2, '0,200,201,202', 'US03076K1088', 1.000, '1', 0, 0.0000, 56.5100, 0.0000, 0.0000, NULL, NULL, '03076K108');

#11、用户买入权限
delete from quickbroker.fundaccount where fund_account = '5LC05008';
INSERT INTO quickbroker.fundaccount(FUND_ACCOUNT, CLIENT_ID, CLIENT_NAME, BRANCH_NO, CURRENCY_CODE, CURRENT_BALANCE, BUY_FREEZE_FUNDS, SELL_FREEZE_FUNDS, ESTIMATE_INTEREST, ACCOUNT_STATUS, REF_CLIENT, ACCOUNT_TYPE, BEGIN_BALANCE, MAINCOUNTER_DRAW_FUNDS, BANK_TRANSIN, BANK_TRANSOUT, OTHER_FREEZE, OTHER_UNFREEZE, BUY_UP_FUNDS, SELL_TODAY_RELEASE_FUNDS, FORBID_DRAW_FUNDS, UNCOME_FUNDS, BUY_PENDING_SETT_FUNDS, SELL_PENDING_SETT_FUNDS, AVAILABLE_ADJUST_BALANCE, FUNDDEBTS_BEGIN_BALANCE, BEGIN_INTEREST, FUNDDEBTS_TODAY_BALANCE, SELL_YESTERDAY_RELEASE_FUNDS, SELLSHORT_FREEZE_FUNDS, SELLSHORT_FUNDS, BUYTOCOVER_FREEZE_FUNDS, BUYTOCOVER_TODAY_FUNDS, BUYTOCOVER_YESTERDAY_FUNDS, SELLSHORT_PENDING_SETT_FUNDS, BUYTOCOVER_PENDING_SETT_FUNDS, BEGIN_BUYING_POWER, CASH_BALANCE, PENDING_DEBIT_INTEREST, PENDING_DEBIT_DIVIDEND, TOTAL_EQUITY, SMA) VALUES ('5LC05008', 'lh021020100008', 'TEST8', '5LC', 'USD', 1000000.000, 0.000, 0.000, 0.000, NULL, NULL, 2, 0.000, NULL, 0.000, 0.000, 0.000, 0.000, 0.000, 0.000, 0.000, 0.000, 0.000, 0.000, NULL, 0.000, NULL, 0.000, 0.000, 0.000, 0.000, 0.000, 0.000, 0.000, 0.000, 0.000, 0.000, 1000000.000, 0.000, 0.000, 0.000, 0.000);

delete from quickbroker.client where client_id = 'lh021020100008';
INSERT INTO quickbroker.client(CLIENT_ID, CLIENT_NAME, FULL_NAME, BRANCH_NO, ID_TYPE, ID_NO, TELEPHONE, MOBILE, INSTITUTION_FLAG, CLIENT_PROP, TRADE_RIGHTS, ENTRUST_WAY, CLI_STATUS, TRADE_PWD, FUND_PWD, SYNC_PWD_FLAG, NODE_ID, EXTRA_INFO, INIT_FLAG, LOGIN_FLAG, LAST_LOGIN, IP, MAC, TRY_PWD_TIMES, TRY_PWD_IP, TRY_PWD_MAC, LAST_OUT, COMM_PWD, CLIENT_TAG) VALUES ('lh021020100008', 'TEST8', 'TEST8', '5LC', 0, '743029400', '', '', 0, 1728, 0, 32, 0, '123456', '123456', 1, 1001, '1', 0, 1, '', '', '', 0, '', '', '20210101', '', '4W');

delete from quickbroker.client_extra_info where client_id = 'lh021020100008';
INSERT INTO quickbroker.client_extra_info(CLIENT_ID, TRADE_PWD, FUND_PWD, TRADE_PWD_MAIN, FUND_PWD_MAIN, TRADE_PWD_MAIN_SYNC_FLAG, FUND_PWD_MAIN_SYNC_FLAG, AUDIT_PWD, LABEL_LIMIT, LABEL_RIGHT, CLIENT_SRC) VALUES ('lh021020100008', '123456', '123456', '123456', '123456', '0', '0', NULL, 0, '0', '4');

delete from quickbroker.stock where fund_account = '5LC05008';
INSERT INTO quickbroker.stock(STOCK_ACCOUNT, MARKET_CODE, STOCK_CODE, STOCK_NAME, STOCK_TYPE, CLIENT_ID, CLIENT_NAME, BRANCH_NO, FUND_ACCOUNT, CURRENCY_CODE, CURRENT_AMOUNT, FROZEN_AMOUNT, NON_TRD_AMOUNT, UNSETTLED_AMOUNT, ENTRUST_BUY_AMOUNT, ENTRUST_SALE_AMOUNT, BUY_BUSINESS_AMOUNT, ETF_APPLY_AMOUNT, SALE_OFFSET_AMOUNT, SALE_BUSINESS_AMOUNT, ETF_REDEEM_AMOUNT, BUY_OFFSET_AMOUNT, BUY_BUSINESS_BALANCE, SALE_BUSINESS_BALANCE, CREATE_DATE, UPDATE_DATE, TOTALBUY_AMOUNT, TOTALBUY_BALANCE, RATION_AMOUNT, RATION_BALANCE, TOTALSALE_AMOUNT, TOTALSALE_BALANCE, SUM_GIVE_AMOUNT, SUM_BONUS_BALANCE, SUM_TRD_FEE, POSITION_COST, TOTAL_PROFIT, BEGIN_AMOUNT, BUY_LEFT_AMOUNT, ETF_LEFT_AMOUNT, LOF_LEFT_AMOUNT, NEW_STK_LEFT_AMOUNT, STK_USED_AMOUNT, SELL_PENDING_SETT_AMOUNT, DAYTRADE, BUY_PENDING_SETT_AMOUNT, POSITION_TYPE, COST_PRICE_PRE, SETTLED_AMOUNT, RELEASE_YESTERDAY_AMOUNT, TODAY_PROFIT) VALUES ('5LC05008', 'NY', 'BABA', 'BABA', 'C1', 'lh021020100008', 'TEST8', '5LC', '5LC05008', 'USD', -1000, 0, 0, 0, 0, 0, 0, 0, 0, 0, 0, 0, 0.000, 0.000, 20200731, 20210414, 0, 0.0, 0, 0.000, 0, 0.000, 0, 0.000, 0.000, 0.0, 0.000, 0.000, 0.000, 0.000, 0.000, 0.000, 0.000, 0, 0, 0, 2, NULL, 0, 0, NULL);

#12、证券代码不能做多
delete from quickbroker.margin_req_sec_config where stock_code = 'A';
INSERT INTO quickbroker.margin_req_sec_config(CUSIP, STOCK_CODE, STOCK_NAME, MARKET_CODE, STOCK_TYPE, LONG_ALLOW, SHORT_ALLOW, BEGIN_LONG_INIT_REQ_RATE, BEGIN_LONG_MAINT_REQ_RATE, BEGIN_LONG_DAY_REQ_RATE, BEGIN_SHORT_INIT_REQ_RATE, BEGIN_SHORT_MAINT_REQ_RATE, BEGIN_SHORT_DAY_REQ_RATE, BEGIN_SHORT_INIT_REQ_PRICE, BEGIN_SHORT_MAINT_REQ_PRICE, BEGIN_SHORT_DAY_REQ_PRICE, CUSTOM_ENABLE, LONG_INIT_REQ_RATE, LONG_MAINT_REQ_RATE, LONG_DAY_REQ_RATE, SHORT_INIT_REQ_RATE, SHORT_MAINT_REQ_RATE, SHORT_DAY_REQ_RATE, SHORT_INIT_REQ_PRICE, SHORT_MAINT_REQ_PRICE, SHORT_DAY_REQ_PRICE, LEND_RATE, INTEREST_DAYS, LEND_POOL_AMOUNT) VALUES ('00846U101', 'A', 'Agilent Technologies', 'NY', 'S0', 0, 1, 0.500, 0.250, 0.250, 0.500, 0.300, 0.250, 0.000, 0.000, 0.000, 0, 0.000, 0.000, 0.000, 0.000, 0.000, 0.000, 0.000, 0.000, 0.000, 0.000000000, 0, 0);

#12、证券代码不能做空
delete from quickbroker.margin_req_sec_config where stock_code = 'LLIT';
INSERT INTO quickbroker.margin_req_sec_config(CUSIP, STOCK_CODE, STOCK_NAME, MARKET_CODE, STOCK_TYPE, LONG_ALLOW, SHORT_ALLOW, BEGIN_LONG_INIT_REQ_RATE, BEGIN_LONG_MAINT_REQ_RATE, BEGIN_LONG_DAY_REQ_RATE, BEGIN_SHORT_INIT_REQ_RATE, BEGIN_SHORT_MAINT_REQ_RATE, BEGIN_SHORT_DAY_REQ_RATE, BEGIN_SHORT_INIT_REQ_PRICE, BEGIN_SHORT_MAINT_REQ_PRICE, BEGIN_SHORT_DAY_REQ_PRICE, CUSTOM_ENABLE, LONG_INIT_REQ_RATE, LONG_MAINT_REQ_RATE, LONG_DAY_REQ_RATE, SHORT_INIT_REQ_RATE, SHORT_MAINT_REQ_RATE, SHORT_DAY_REQ_RATE, SHORT_INIT_REQ_PRICE, SHORT_MAINT_REQ_PRICE, SHORT_DAY_REQ_PRICE, LEND_RATE, INTEREST_DAYS, LEND_POOL_AMOUNT) VALUES ('G5478K118', 'LLIT', 'Lianluo Smart', 'NQ', 'S0', 1, 0, 0.500, 0.250, 0.250, 0.000, 0.000, 0.250, 5.000, 5.000, 0.000, 0, 0.000, 0.000, 0.000, 0.000, 0.000, 0.000, 0.000, 0.000, 0.000, 0.000000000, 0, 0);

#13、现金账户使用未交收金额
delete from quickbroker.fundaccount where fund_account = '5LC05009';

INSERT INTO quickbroker.fundaccount(FUND_ACCOUNT, CLIENT_ID, CLIENT_NAME, BRANCH_NO, CURRENCY_CODE, CURRENT_BALANCE, BUY_FREEZE_FUNDS, SELL_FREEZE_FUNDS, ESTIMATE_INTEREST, ACCOUNT_STATUS, REF_CLIENT, ACCOUNT_TYPE, BEGIN_BALANCE, MAINCOUNTER_DRAW_FUNDS, BANK_TRANSIN, BANK_TRANSOUT, OTHER_FREEZE, OTHER_UNFREEZE, BUY_UP_FUNDS, SELL_TODAY_RELEASE_FUNDS, FORBID_DRAW_FUNDS, UNCOME_FUNDS, BUY_PENDING_SETT_FUNDS, SELL_PENDING_SETT_FUNDS, AVAILABLE_ADJUST_BALANCE, FUNDDEBTS_BEGIN_BALANCE, BEGIN_INTEREST, FUNDDEBTS_TODAY_BALANCE, SELL_YESTERDAY_RELEASE_FUNDS, SELLSHORT_FREEZE_FUNDS, SELLSHORT_FUNDS, BUYTOCOVER_FREEZE_FUNDS, BUYTOCOVER_TODAY_FUNDS, BUYTOCOVER_YESTERDAY_FUNDS, SELLSHORT_PENDING_SETT_FUNDS, BUYTOCOVER_PENDING_SETT_FUNDS, BEGIN_BUYING_POWER, CASH_BALANCE, PENDING_DEBIT_INTEREST, PENDING_DEBIT_DIVIDEND, TOTAL_EQUITY, SMA) VALUES ('5LC05009', 'lh021020100009', 'TEST9', '5LC', 'USD', 0.000, 0.000, 0.000, 0.000, NULL, NULL, 1, 0.000, NULL, 0.000, 0.000, 0.000, 0.000, 0.000, 0.000, 0.000, 0.000, 0.000, 0.000, NULL, 0.000, NULL, 0.000, 0.000, 0.000, 0.000, 0.000, 0.000, 0.000, 0.000, 0.000, 0.000, 10000.000, 0.000, 0.000, 0.000, 0.000);

delete from quickbroker.client where client_id = 'lh021020100009';
INSERT INTO quickbroker.client(CLIENT_ID, CLIENT_NAME, FULL_NAME, BRANCH_NO, ID_TYPE, ID_NO, TELEPHONE, MOBILE, INSTITUTION_FLAG, CLIENT_PROP, TRADE_RIGHTS, ENTRUST_WAY, CLI_STATUS, TRADE_PWD, FUND_PWD, SYNC_PWD_FLAG, NODE_ID, EXTRA_INFO, INIT_FLAG, LOGIN_FLAG, LAST_LOGIN, IP, MAC, TRY_PWD_TIMES, TRY_PWD_IP, TRY_PWD_MAC, LAST_OUT, COMM_PWD, CLIENT_TAG) VALUES ('lh021020100009', 'TEST9', 'TEST9', '5LC', 0, '743029400', '', '', 0, 512, 0, 32, 0, '123456', '123456', 1, 1001, '1', 0, 1, '', '', '', 0, '', '', '20210101', '', '4W');

delete from quickbroker.client_extra_info where client_id = 'lh021020100009';
INSERT INTO quickbroker.client_extra_info(CLIENT_ID, TRADE_PWD, FUND_PWD, TRADE_PWD_MAIN, FUND_PWD_MAIN, TRADE_PWD_MAIN_SYNC_FLAG, FUND_PWD_MAIN_SYNC_FLAG, AUDIT_PWD, LABEL_LIMIT, LABEL_RIGHT, CLIENT_SRC) VALUES ('lh021020100009', '123456', '123456', '123456', '123456', '0', '0', NULL, 0, '0', '4');

#14、股票价格精度
delete from quickbroker.stkcode where stock_code in ('ABC','ABT','ACH');
INSERT INTO quickbroker.stkcode(STOCK_CODE, MARKET_CODE, STOCK_NAME, SPELL_CODE, STOCK_TYPE, EXCHANGE_UNIT, STOCK_FULLNAME, ISSUE_DATE, CASH_DATE, STKCODE_STATUS, CLOSE_PRICE, LAST_PRICE, NET_PRICE_FLAG, LAST_INTEREST, MAX_PRICE, MIN_PRICE, MAX_ENTRUST, MIN_ENTRUST, WEEKDAY_LIMIT, RELATIVE_CODE, LIMITPRICE_TYPE, BROKERAGE_FLAG, CURRENCY_CODE, EXCHANGE_PRICE, BS_LIMIT, FUND_SETTLE_DAYS, STK_SETTLE_DAYS, ORD_TYPE_LIMIT, ISIN, PAR_VALUE, CALC_MARKET_VALUE, BUSINESS_STATUS, OPEN_PRICE, YESTERDAY_CLOSE_PRICE, HIGHEST_PRICE, LOWEST_PRICE, TRD_STAGE, SOURCE, CUSIP) VALUES ('ABC', 'NY', 'AmerisourceBergen', 'ABC', 'S0', 1, '', 20190101, 20991231, 0, 116.9500, 116.9500, 0, 0.00000000, 99999.9900, 0.0000, 0, 0, '0', NULL, 'A', 'A', 'USD', 0.0100, 2, 2, 2, '0,200,201,202', 'US03073E1055', 1.000, '1', 0, 0.0000, 118.1100, 0.0000, 0.0000, NULL, NULL, '03073E105'),('ABT', 'NY', 'Abbott Laboratories', 'ABT', 'S0', 1, '', 20190101, 20991231, 0, 116.9800, 116.9800, 0, 0.00000000, 99999.9900, 0.0000, 0, 0, '0', NULL, 'A', 'A', 'USD', 0.0010, 2, 2, 2, '0,200,201,202', 'US0028241000', 1.000, '1', 0, 0.0000, 116.7400, 0.0000, 0.0000, NULL, NULL, '002824100'),('ACH', 'NY', 'CHALCO', 'ACH', 'C1', 1, '', 20190101, 20991231, 0, 14.7400, 14.7400, 0, 0.00000000, 99999.9900, 0.0000, 0, 0, '0', NULL, 'A', 'A', 'USD', 0.0001, 2, 2, 2, '0,200,201,202', 'US0222761092', 1.000, '1', 0, 0.0000, 14.6000, 0.0000, 0.0000, NULL, NULL, '022276109');